strategy,regime,group,maker_fills,maker_quantity,signed_markout,average_markout_per_unit,adverse_selection_cost,average_adverse_selection_cost_per_unit,adverse_selection_cost_share,total_adverse_selection_cost
naive symmetric,low volatility,inventory_reducing,4976,46427,-38398.3698829,-0.827069805994,176686.020048,3.80567385462,0.98255273008,179823.448289
naive symmetric,low volatility,inventory_increasing,5025,46422,817453.508321,17.6091833252,70.7008561303,0.00152300323403,0.000393168170242,179823.448289
naive symmetric,low volatility,neutral,7108,66427,392002.684415,5.90125527896,3066.72738416,0.0461668806985,0.01705410175,179823.448289
naive symmetric,high volatility,inventory_reducing,1994,18554,455421.972033,24.5457568197,64070.4308166,3.45318695789,0.239219607829,267831.016855
naive symmetric,high volatility,inventory_increasing,1988,18543,724537.339997,39.0733613761,9559.51548383,0.515532302423,0.0356923391326,267831.016855
naive symmetric,high volatility,neutral,14496,135213,3305390.69614,24.4458054783,194201.070555,1.43626034889,0.725088053038,267831.016855
naive symmetric,trending,inventory_reducing,2723,25422,413705.557529,16.2735251959,129685.570176,5.10131264953,0.719807421502,180167.036769
naive symmetric,trending,inventory_increasing,3535,32790,1017601.81834,31.0339072381,636.178474014,0.0194016003054,0.00353104810637,180167.036769
naive symmetric,trending,neutral,13485,126248,3461220.30789,27.4160407127,49845.2881187,0.394820417897,0.276661530392,180167.036769
