strategy,regime,group,maker_fills,maker_quantity,signed_markout,average_markout_per_unit,adverse_selection_cost,average_adverse_selection_cost_per_unit,adverse_selection_cost_share,total_adverse_selection_cost
avellaneda stoikov,low volatility,inventory_reducing,327,3267,14955.5400993,4.5777594427,326.245284701,0.0998608156417,0.56709326302,575.293881933
avellaneda stoikov,low volatility,inventory_increasing,359,3584,17645.634215,4.92344704661,249.048597232,0.0694890059242,0.43290673698,575.293881933
avellaneda stoikov,low volatility,neutral,16,160,717.044164615,4.48152602884,0,0,0,575.293881933
avellaneda stoikov,high volatility,inventory_reducing,354,3540,24043.5820755,6.7919723377,9519.7464302,2.68919390684,0.505128993411,18846.1691061
avellaneda stoikov,high volatility,inventory_increasing,337,3361,21889.514628,6.51279816364,9139.98194266,2.71942336884,0.484978241001,18846.1691061
avellaneda stoikov,high volatility,neutral,9,90,517.225058913,5.74694509903,186.440733206,2.07156370228,0.00989276558839,18846.1691061
avellaneda stoikov,trending,inventory_reducing,281,2797,16093.0227752,5.75367278343,1611.56189542,0.576175150311,0.462089294165,3487.55514523
avellaneda stoikov,trending,inventory_increasing,321,3189,19846.1005505,6.22329901239,1748.97023248,0.54843845484,0.501488911187,3487.55514523
avellaneda stoikov,trending,neutral,11,107,270.851146949,2.53131913036,127.023017327,1.18713100305,0.036421794649,3487.55514523
