strategy,regime,group,maker_fills,maker_quantity,signed_markout,average_markout_per_unit,adverse_selection_cost,average_adverse_selection_cost_per_unit,adverse_selection_cost_share,total_adverse_selection_cost
avellaneda stoikov calibrated,low volatility,inventory_reducing,8193,76638,117420.951544,1.5321505199,82139.0529805,1.07177970433,0.876680762646,93693.2307408
avellaneda stoikov calibrated,low volatility,inventory_increasing,13856,129244,2755895.30283,21.3231972303,11546.5830295,0.0893394125029,0.123238177809,93693.2307408
avellaneda stoikov calibrated,low volatility,neutral,14,134,331.642582784,2.47494464764,7.59473069149,0.0566770947126,8.10595454063e-05,93693.2307408
avellaneda stoikov calibrated,high volatility,inventory_reducing,9616,89259,979996.172293,10.9792421189,552925.328978,6.194617114,0.86783628517,637130.917924
avellaneda stoikov calibrated,high volatility,inventory_increasing,9662,90153,3043213.77916,33.7561010633,84018.2517902,0.931951812921,0.131869682394,637130.917924
avellaneda stoikov calibrated,high volatility,neutral,7,70,442.397960852,6.31997086931,187.337155486,2.67624507837,0.000294032435432,637130.917924
avellaneda stoikov calibrated,trending,inventory_reducing,8922,83355,1033776.58663,12.402094495,224639.672074,2.6949753713,0.837835337451,268119.118439
avellaneda stoikov calibrated,trending,inventory_increasing,11660,109361,3614903.07351,33.0547733974,43464.819714,0.397443510154,0.162110109742,268119.118439
avellaneda stoikov calibrated,trending,neutral,12,120,706.446357937,5.88705298281,14.6266506582,0.121888755485,5.45528075108e-05,268119.118439
