strategy,regime,group,maker_fills,maker_quantity,signed_markout,average_markout_per_unit,adverse_selection_cost,average_adverse_selection_cost_per_unit,adverse_selection_cost_share,total_adverse_selection_cost
avellaneda stoikov,low volatility,inventory_reducing,7799,72962,264426.551209,3.62416807666,28497.5100367,0.39058016552,0.946408813449,30111.2052548
avellaneda stoikov,low volatility,inventory_increasing,13534,126132,2894549.04819,22.9485701344,1613.69521808,0.0127937019795,0.053591186551,30111.2052548
avellaneda stoikov,low volatility,neutral,5,44,225.251756846,5.11935811014,0,0,0,30111.2052548
avellaneda stoikov,high volatility,inventory_reducing,9211,85614,1087323.75123,12.7003031189,461292.521762,5.38805010585,0.888035265377,519452.931372
avellaneda stoikov,high volatility,inventory_increasing,9326,86578,3084326.51727,35.6248298329,58048.2375237,0.670473301805,0.111748791888,519452.931372
avellaneda stoikov,high volatility,neutral,5,50,54.9604783733,1.09920956747,112.172086694,2.24344173388,0.000215942734981,519452.931372
avellaneda stoikov,trending,inventory_reducing,8513,79520,1150230.65821,14.4646712551,145926.202713,1.83508806229,0.873406630454,167077.049366
avellaneda stoikov,trending,inventory_increasing,11359,106112,3715294.15055,35.0129500014,21081.7906192,0.198674896517,0.126180051056,167077.049366
avellaneda stoikov,trending,neutral,14,131,587.579746051,4.48534157291,69.0560338045,0.527145296218,0.000413318490281,167077.049366
