action,count,share
limit,477449,0.477449
market,4486,0.004486
cancel,470520,0.47052
modify,47545,0.047545
