events,inventory_pnl_balancing,inventory_pnl_from_marks,inventory_pnl_mark_error,abs_error,error_per_event,error_per_sqrt_event,reconciliation_passed
20000,-1354.94600781,-1354.94600769,-1.14450813271e-07,1.14450813271e-07,-5.72254066355e-12,-8.09289461762e-10,true
50000,124856.348976,124856.348976,-2.33645550907e-07,2.33645550907e-07,-4.67291101814e-12,-1.04489466894e-09,true
100000,3076903.5618,3076903.56181,-2.85916030407e-07,2.85916030407e-07,-2.85916030407e-12,-9.0414587564e-10,true
200000,9346081.57532,9346081.57532,-3.83704900742e-07,3.83704900742e-07,-1.91852450371e-12,-8.57990241359e-10,true
