bucket,count,percent
1_to_10,45,0.362231345086
11_to_50,15,0.120743781695
51_to_100,34,0.273685905176
101_to_500,410,3.300330033
501_to_1000,5799,46.6795460034
1001_plus,6120,49.2634629317
