strategy,regime,group,maker_fills,maker_quantity,signed_markout,average_markout_per_unit,adverse_selection_cost,average_adverse_selection_cost_per_unit,adverse_selection_cost_share,total_adverse_selection_cost
avellaneda stoikov,low volatility,inventory_reducing,8511,79460,14821.8587887,0.186532328073,233646.872173,2.94043383052,0.99388569593,235084.248752
avellaneda stoikov,low volatility,inventory_increasing,9300,86332,1257751.12845,14.5687708897,1437.37657904,0.0166494066979,0.00611430407046,235084.248752
avellaneda stoikov,low volatility,neutral,5,44,225.251756846,5.11935811014,0,0,0,235084.248752
avellaneda stoikov,high volatility,inventory_reducing,9213,85619,1086826.84441,12.6937577454,461556.782405,5.3908219251,0.888092196095,519717.192016
avellaneda stoikov,high volatility,inventory_increasing,9326,86572,3084184.46834,35.6256580458,58048.2375237,0.670519769945,0.111691970971,519717.192016
avellaneda stoikov,high volatility,neutral,5,50,54.9604783733,1.09920956747,112.172086694,2.24344173388,0.00021583293456,519717.192016
avellaneda stoikov,trending,inventory_reducing,9071,84813,950889.441209,11.2116001227,273613.88034,3.2260842128,0.942911134554,290179.922915
avellaneda stoikov,trending,inventory_increasing,10894,101557,3821209.98295,37.6262589772,16496.9865406,0.162440664263,0.0568508888379,290179.922915
avellaneda stoikov,trending,neutral,14,131,587.579746051,4.48534157291,69.0560338045,0.527145296218,0.000237976608136,290179.922915
