action,count,share
limit,599535,0.599535
market,100566,0.100566
cancel,199619,0.199619
modify,100280,0.10028
